{"docs_图片_压缩.md":"UC8didBa","docs_替换.md":"5Nn0EGds","docs_前端_前端构建工具_npm、yarn和pnpm的区别.md":"2EQOFU7l","docs_前端_vue源码解析_vue.md":"rqxbp7cb","docs_编码_utf8.md":"PbV07Gwf","docs_file_inode与文件.md":"xj0C9acy","docs_编码_index.md":"dNZVzG7B","docs_编码_unicode.md":"emoN0KT_","docs_协议_websocket.md":"4DeIfbwS","api-examples.md":"8kdQHLOS","docs_file_inode.md":"DVkRCS18","docs_前端_vue源码解析_vuex.md":"BonR4qPZ","docs_编码_base64.md":"3pvw4C06","docs_协议_网络.md":"Nt-tdEdA","docs_网络相关_nat.md":"mIxjYEHn","docs_网络相关_dhcp.md":"XkWcN-KG","docs_编码_gb18030.md":"yOvQ826j","docs_图片_像素、ppi、dpi.md":"NaZLwwG9","docs_协议_网络层_ipv4.md":"LPsCSg_G","docs_编码_基本多文种平面（bmp）与辅助平面.md":"c9QW7az6","docs_规范_json_json.md":"jl0mhreF","index.md":"ozn3kB6Y","docs_前端_vue源码解析_vue-router.md":"ieoEGfCP","docs_规范_http_http.md":"GGiqxahb","docs_file_软链接.md":"mcL05Fe0","markdown-examples.md":"tDMqTUOo","docs_编码_编码及utf8.md":"EHtHpXXn","docs_网络相关_parse_ipv4.md":"3luoCMcm","docs_file_文件系统的数据结构.md":"Uk4AuLkC","docs_file_硬链接.md":"nzvm4Xx3","docs_协议_数据包_http_data.md":"7Qt3YTW-"}
